indicator_id,geo_level,geo_name,year,period,sex,age_group,education,group_type,group,standardization,value,unit,ci_lower,ci_upper,n,source_ref,source_url,note
smoking_current,region,Oberpfalz,2013,2013,gesamt,gesamt,gesamt,,,beobachtet,22.4,percent,,,,"Suchtmonitoring Bayern 1: Rauchen (2021), S. 2",https://www.lgl.bayern.de/publikationen/gesundheit/doc/gesundheitsreport_01_2021.pdf,"Mikrozensus 2013, Bevölkerung ab 15 Jahren; zitiert nach LGL"
smoking_current,region,Oberpfalz,2017,2017,gesamt,gesamt,gesamt,,,beobachtet,23.7,percent,,,,"Suchtmonitoring Bayern 1: Rauchen (2021), S. 2",https://www.lgl.bayern.de/publikationen/gesundheit/doc/gesundheitsreport_01_2021.pdf,"Mikrozensus 2017, Bevölkerung ab 15 Jahren; zitiert nach LGL"
youth_smoking_ever,state,Bayern,2011,2011,gesamt,9./10. Klasse,gesamt,,,beobachtet,64,percent,,,,"Suchtmonitoring Bayern 1: Rauchen (2021), S. 4",https://www.lgl.bayern.de/publikationen/gesundheit/doc/gesundheitsreport_01_2021.pdf,"ESPAD Bayern 2011, Schülerinnen und Schüler der 9. und 10. Jahrgangsstufe; im Bericht gerundet angegeben"
youth_smoking_ever,state,Bayern,2019,2019,gesamt,9./10. Klasse,gesamt,,,beobachtet,45.8,percent,,,,"Suchtmonitoring Bayern 1: Rauchen (2021), S. 4",https://www.lgl.bayern.de/publikationen/gesundheit/doc/gesundheitsreport_01_2021.pdf,"ESPAD Bayern 2019, Schülerinnen und Schüler der 9. und 10. Jahrgangsstufe"
youth_smoking_30d,state,Bayern,2011,2011,gesamt,9./10. Klasse,gesamt,,,beobachtet,35,percent,,,,"Suchtmonitoring Bayern 1: Rauchen (2021), S. 4",https://www.lgl.bayern.de/publikationen/gesundheit/doc/gesundheitsreport_01_2021.pdf,"ESPAD Bayern 2011; im Bericht als 'knapp 35 %' angegeben"
youth_smoking_30d,state,Bayern,2019,2019,gesamt,9./10. Klasse,gesamt,,,beobachtet,21.4,percent,,,,"Suchtmonitoring Bayern 1: Rauchen (2021), S. 4",https://www.lgl.bayern.de/publikationen/gesundheit/doc/gesundheitsreport_01_2021.pdf,"ESPAD Bayern 2019, Schülerinnen und Schüler der 9. und 10. Jahrgangsstufe"
youth_smoking_30d,state,Bayern,2019,2019,männlich,9./10. Klasse,gesamt,,,beobachtet,20.4,percent,,,,"Suchtmonitoring Bayern 1: Rauchen (2021), S. 4",https://www.lgl.bayern.de/publikationen/gesundheit/doc/gesundheitsreport_01_2021.pdf,"ESPAD Bayern 2019"
youth_smoking_30d,state,Bayern,2019,2019,weiblich,9./10. Klasse,gesamt,,,beobachtet,22.5,percent,,,,"Suchtmonitoring Bayern 1: Rauchen (2021), S. 4",https://www.lgl.bayern.de/publikationen/gesundheit/doc/gesundheitsreport_01_2021.pdf,"ESPAD Bayern 2019"
youth_smoking_30d,state,Bayern,2019,2019,gesamt,9./10. Klasse,gesamt,Schulart,Mittelschule,beobachtet,30,percent,,,,"Suchtmonitoring Bayern 1: Rauchen (2021), S. 4",https://www.lgl.bayern.de/publikationen/gesundheit/doc/gesundheitsreport_01_2021.pdf,"ESPAD Bayern 2019; im Bericht gerundet angegeben"
youth_smoking_30d,state,Bayern,2019,2019,gesamt,9./10. Klasse,gesamt,Schulart,Gymnasium,beobachtet,15,percent,,,,"Suchtmonitoring Bayern 1: Rauchen (2021), S. 4",https://www.lgl.bayern.de/publikationen/gesundheit/doc/gesundheitsreport_01_2021.pdf,"ESPAD Bayern 2019; im Bericht gerundet angegeben"
youth_smoking_current,germany,Deutschland,2019,2019,gesamt,12–17,gesamt,,,beobachtet,7.2,percent,,,,"Suchtmonitoring Bayern 1: Rauchen (2021), S. 4",https://www.lgl.bayern.de/publikationen/gesundheit/doc/gesundheitsreport_01_2021.pdf,"BZgA Drogenaffinitätsstudie 2019, 12- bis 17-Jährige; zitiert nach LGL"
smoking_current,germany,Deutschland,1990,1990,gesamt,18–59,gesamt,,,beobachtet,44.6,percent,,,,"Suchtmonitoring Bayern 1: Rauchen (2021), S. 1",https://www.lgl.bayern.de/publikationen/gesundheit/doc/gesundheitsreport_01_2021.pdf,"Epidemiologischer Suchtsurvey (ESA), 18- bis 59-Jährige; zitiert nach LGL"
smoking_current,germany,Deutschland,2018,2018,gesamt,18–59,gesamt,,,beobachtet,21.4,percent,,,,"Suchtmonitoring Bayern 1: Rauchen (2021), S. 1",https://www.lgl.bayern.de/publikationen/gesundheit/doc/gesundheitsreport_01_2021.pdf,"Epidemiologischer Suchtsurvey (ESA) 2018, 18- bis 59-Jährige; zitiert nach LGL"
smoking_daily,germany,Deutschland,2018,2018,weiblich,18–64,gesamt,,,beobachtet,13.1,percent,,,,"Suchtmonitoring Bayern 1: Rauchen (2021), S. 1",https://www.lgl.bayern.de/publikationen/gesundheit/doc/gesundheitsreport_01_2021.pdf,"Epidemiologischer Suchtsurvey (ESA) 2018, 18- bis 64-Jährige; zitiert nach LGL"
smoking_daily,germany,Deutschland,2018,2018,männlich,18–64,gesamt,,,beobachtet,17.0,percent,,,,"Suchtmonitoring Bayern 1: Rauchen (2021), S. 1",https://www.lgl.bayern.de/publikationen/gesundheit/doc/gesundheitsreport_01_2021.pdf,"Epidemiologischer Suchtsurvey (ESA) 2018, 18- bis 64-Jährige; zitiert nach LGL"
htp_current,germany,Deutschland,2018,2018,gesamt,18–64,gesamt,,,beobachtet,0.8,percent,,,,"Suchtmonitoring Bayern 1: Rauchen (2021), S. 4",https://www.lgl.bayern.de/publikationen/gesundheit/doc/gesundheitsreport_01_2021.pdf,"30-Tage-Prävalenz von Tabakerhitzern, Epidemiologischer Suchtsurvey (ESA) 2018; zitiert nach LGL"
passive_smoking,germany,Deutschland,2014,2014/2015,gesamt,gesamt,gesamt,,,beobachtet,11.3,percent,,,,"Suchtmonitoring Bayern 1: Rauchen (2021), S. 5",https://www.lgl.bayern.de/publikationen/gesundheit/doc/gesundheitsreport_01_2021.pdf,"GEDA 2014/2015-EHIS: Anteil erwachsener Nichtrauchender mit regelmäßiger Passivrauchbelastung; Definition weicht von GEDA 2019/2020 ab; zitiert nach LGL"
